DROP TABLE COMPONENTE;
DROP TABLE PC;
DROP TABLE PEDIDOPC;
DROP TABLE COMPONENTESENCONFIGURACION;
DROP TABLE CONFIGURACIONPC;
DROP TABLE CPU; 
DROP TABLE PEDIDOCOMPONENTES;
DROP TABLE ESTADOCOMPRACOMPONENTES;
DROP TABLE DESCRIPCIONCOMPONENTE;
DROP TABLE TIPOCOMPONENTE;
DROP TABLE ESTADOVENTAPCS;
DROP TABLE EMPRESA;
DROP TABLE EMPLEADO;
DROP TABLE USUARIO;
DROP TABLE ROLEMPLEADO;
DROP TABLE ESPACIOALMACENAMIENTO;

create table ESPACIOALMACENAMIENTO
(
	IDUBICACION NUMERIC(5) not null primary key,
	SECCION SMALLINT,
	ZONA SMALLINT not null,
	ESTANTERIA SMALLINT,
	OCUPADO NUMERIC(1)
);

create table USUARIO
(
	NIFCIF VARCHAR(9) not null primary key,
	NOMBRE VARCHAR(30) not null,
	DIRECCIONPOSTAL VARCHAR(30),
	DIRECCIONELECTRONICA VARCHAR(30),
	TELEFONO VARCHAR(9),
	PASSWORD VARCHAR(20) not null
);

create table ROLEMPLEADO
(
	IDROL SMALLINT not null primary key,
	NOMBREROL VARCHAR(20) not null
);

create table EMPLEADO
(
	NIFCIF VARCHAR(9) not null primary key,
	FECHACONTRATACION DATE not null,
	ROL SMALLINT not null,
            FOREIGN KEY(NIFCIF) REFERENCES USUARIO(NIFCIF),
            FOREIGN KEY(ROL) REFERENCES ROLEMPLEADO(IDROL)
);

create table EMPRESA
(
	NIFCIF VARCHAR(9) not null primary key,
	ESCLIENTE SMALLINT,
	ESPROVEEDOR SMALLINT,
            FOREIGN KEY(NIFCIF) REFERENCES USUARIO(NIFCIF)
);

create table CPU 
(
	IDTIPOCPU SMALLINT not null primary key,
	NOMBRETIPOCPU VARCHAR(20) not null
);

create table CONFIGURACIONPC
(
	IDCONFIGURACION NUMERIC(5) not null primary key,
	TIPOCPU SMALLINT not null,
	VELOCIDADCPU NUMERIC(5) not null,
	CAPACIDADRAM NUMERIC(5) not null,
	CAPACIDADDD NUMERIC(5) not null,
	VELOCIDADTARJETAGRAFICA NUMERIC(5),
	MEMORIATARJETAGRAFICA NUMERIC(5),
            FOREIGN KEY(TIPOCPU) REFERENCES CPU(IDTIPOCPU)
);

create table TIPOCOMPONENTE
(
	IDTIPOCOMPONENTE SMALLINT not null primary key,
	NOMBRETIPOCOMPONENTE VARCHAR(20) not null
);

create table DESCRIPCIONCOMPONENTE
(
	IDDESCRIPCION NUMERIC(5) not null primary key,
	TIPO SMALLINT not null,
	MARCA VARCHAR(30) not null,
	MODELO VARCHAR(30),
	PRECIO NUMERIC(5),
	CARACTERISTICASTECNICAS VARCHAR(50),
            FOREIGN KEY(TIPO) REFERENCES TIPOCOMPONENTE(IDTIPOCOMPONENTE)
);

create table COMPONENTESENCONFIGURACION
(
	IDDESCRIPCION NUMERIC(5) not null,
	IDCONFIGURACION NUMERIC(5) not null,
            FOREIGN KEY(IDCONFIGURACION) REFERENCES CONFIGURACIONPC(IDCONFIGURACION),
            FOREIGN KEY(IDDESCRIPCION) REFERENCES DESCRIPCIONCOMPONENTE(IDDESCRIPCION)
);

create table ESTADOVENTAPCS
(
	IDESTADOVENTA SMALLINT not null primary key,
	NOMBREESTADOVENTA VARCHAR(20) not null
);

create table PEDIDOPC
(
	IDPEDIDO NUMERIC(5) not null primary key,
	CANTIDADSOLICITADA NUMERIC(5) not null,
        ESTADO SMALLINT not null,
	CONFIGURACIONSOLICITADA NUMERIC(5) not null,
	ENCARGADOPOR VARCHAR(9) not null,
            FOREIGN KEY(CONFIGURACIONSOLICITADA) REFERENCES CONFIGURACIONPC(IDCONFIGURACION),
            FOREIGN KEY(ENCARGADOPOR) REFERENCES EMPRESA(NIFCIF),
            FOREIGN KEY(ESTADO) REFERENCES ESTADOVENTAPCS(IDESTADOVENTA)
);

create table ESTADOCOMPRACOMPONENTES
(
	IDESTADOCOMPRA SMALLINT not null primary key,
	NOMBREESTADOCOMPRA VARCHAR(20) not null
);

create table PEDIDOCOMPONENTES
(
	IDPEDIDO NUMERIC(5) not null primary key,
	COMPONENTEPEDIDO NUMERIC(5) not null,
	CANTIDADPEDIDA NUMERIC(5),
	FECHAPEDIDO DATE not null,
	FECHAOFERTAENTREGA DATE,
	ESTADO SMALLINT not null,
	SOLICITADOA VARCHAR(9) not null,
            FOREIGN KEY(SOLICITADOA) REFERENCES EMPRESA(NIFCIF),
	    FOREIGN KEY(COMPONENTEPEDIDO) REFERENCES DESCRIPCIONCOMPONENTE(IDDESCRIPCION),
	    FOREIGN KEY(ESTADO) REFERENCES ESTADOCOMPRACOMPONENTES(IDESTADOCOMPRA)
);

create table PC
(
	ETIQUETAID NUMERIC(5) not null primary key,
	RESERVADO SMALLINT,
	FECHAMONTAJE DATE not null,
	IDCONFIGURACION NUMERIC(5) not null,
	MONTADOPOR VARCHAR(9) not null,
	UBICACION NUMERIC(5) not null,
	IDPEDIDO NUMERIC(5) not null,
            FOREIGN KEY(IDCONFIGURACION) REFERENCES CONFIGURACIONPC(IDCONFIGURACION),
            FOREIGN KEY(MONTADOPOR) REFERENCES EMPLEADO(NIFCIF),
            FOREIGN KEY(UBICACION) REFERENCES ESPACIOALMACENAMIENTO(IDUBICACION),
	    FOREIGN KEY(IDPEDIDO) REFERENCES PEDIDOPC(IDPEDIDO)
);

create table COMPONENTE
(
	ETIQUETAID NUMERIC(5) not null primary key,
	FECHAENTRADA DATE not null,
	RESERVADO SMALLINT,
	IDDESCRIPCION NUMERIC(5) not null,
	ETIQUETAPC NUMERIC(5),
	RECIBIDOENCOMPRA NUMERIC(5) not null,
	UBICACION NUMERIC(5),
            FOREIGN KEY(UBICACION) REFERENCES ESPACIOALMACENAMIENTO(IDUBICACION),
            FOREIGN KEY(ETIQUETAPC) REFERENCES PC(ETIQUETAID),
            FOREIGN KEY(RECIBIDOENCOMPRA) REFERENCES PEDIDOCOMPONENTES(IDPEDIDO),
            FOREIGN KEY(IDDESCRIPCION) REFERENCES DESCRIPCIONCOMPONENTE(IDDESCRIPCION)
);

INSERT INTO ROLEMPLEADO
VALUES  (1,'EncargadoAlmacen'),
        (2,'TecnicoTaller'),
        (3,'GerenteVentas');

INSERT INTO ESTADOVENTAPCs
VALUES  (1,'Solicitado'),
        (2,'EnProceso'),
        (3,'Completado'),
        (4,'Enviado'),
        (5,'Entregado');

INSERT INTO ESTADOCOMPRACOMPONENTES
VALUES  (1,'Encargada'),
        (2,'Enviada'),
        (3,'Recibida');

INSERT INTO TIPOCOMPONENTE
VALUES  (1,'TarjetaGrafica'),
        (2,'DiscoDuro'),
        (3,'PlacaBase'),
        (4,'Caja'),
        (5,'Procesador'),
        (6,'RAM');

INSERT INTO CPU
VALUES  (1,'AMD'),
        (2,'IntelCore');

INSERT INTO USUARIO
VALUES ('16440329Z','Pepe Gerente','Calle Pruebas n1','pepe@test.es','91235678','12345');

INSERT INTO EMPLEADO
VALUES ('16440329Z','01/01/2001',3);

INSERT INTO USUARIO
VALUES ('10000000X','Pepe Almacen','Calle Pruebas n1','pe@test.es','94235678','12345');

INSERT INTO EMPLEADO
VALUES ('10000000X','01/01/2008',1);

INSERT INTO USUARIO
VALUES ('12345678X','Empresa','Calle Pruebas n1','pepe2@test.es','91935678','12345');

INSERT INTO EMPRESA
VALUES ('12345678X',1,0);
 
INSERT INTO CONFIGURACIONPC (IDCONFIGURACION,TIPOCPU,VELOCIDADCPU,CAPACIDADRAM,CAPACIDADDD,VELOCIDADTARJETAGRAFICA,MEMORIATARJETAGRAFICA) 
VALUES (1,2,1,11,470,2,3),(2,1,1,17,332,3,2),(3,1,1,11,537,5,4),(4,2,3,58,755,1,2),(5,1,4,37,696,4,8),(6,1,3,56,569,4,6),(7,1,2,10,223,1,5),(8,1,3,50,773,3,4),
(9,1,1,20,731,4,7),(10,2,1,11,548,1,7),(11,2,3,3,651,1,3),(12,1,4,39,225,3,7),(13,1,4,15,526,4,2),(14,2,3,28,334,5,6),(15,2,2,58,123,5,5),(16,2,3,59,683,4,2),
(17,2,2,31,836,5,8),(18,2,4,3,258,2,5),(19,2,2,58,845,5,8),(20,1,1,47,861,4,4),(21,1,2,18,382,4,1),(22,1,1,51,141,3,5),(23,1,3,64,777,3,6),(24,2,4,57,380,5,3),
(25,1,2,38,609,4,4),(26,2,2,8,768,1,3),(27,2,1,5,263,1,5),(28,2,2,22,981,3,5),(29,2,1,55,947,4,3),(30,1,1,12,203,2,6),(31,2,3,58,129,1,2),(32,1,4,63,310,1,6);

INSERT INTO ESPACIOALMACENAMIENTO (IDUBICACION,SECCION,ZONA,ESTANTERIA,OCUPADO) 
VALUES (1,1,19,1,0),(2,5,11,2,1),(3,7,47,3,1),(4,6,30,4,1),(5,4,36,5,0),(6,4,23,6,1),(7,6,39,7,0),(8,3,16,8,1),(9,9,50,9,0),(10,4,27,10,0),(11,10,33,11,1),(12,9,3,12,1),
(13,7,33,13,0),(14,7,47,14,1),(15,7,35,15,1),(16,5,21,16,1),(17,4,29,17,1),(18,8,21,18,0),(19,7,19,19,1),(20,1,24,20,0),(21,1,31,21,1),(22,7,11,22,0),(23,4,26,23,0),(24,7,23,24,0),
(25,8,36,25,0),(26,10,15,26,0),(27,4,30,27,1),(28,9,16,28,0),(29,2,49,29,0),(30,3,14,30,1),(31,1,36,31,0),(32,8,11,32,1),(33,7,11,33,0),(34,9,4,34,1),(35,10,32,35,0),(36,6,9,36,1),
(37,8,24,37,1),(38,2,7,38,0),(39,3,15,39,0),(40,5,30,40,1),(41,7,38,41,1),(42,8,36,42,0),(43,4,29,43,0),(44,1,46,44,0),(45,10,6,45,1),(46,1,35,46,1),(47,9,6,47,0),(48,5,10,48,1),
(49,5,17,49,0),(50,1,47,50,0),(51,10,34,51,1),(52,10,50,52,0),(53,2,32,53,0),(54,1,26,54,0),(55,1,22,55,0),(56,5,16,56,0),(57,1,48,57,1),(58,8,5,58,0),(59,7,39,59,1),(60,3,45,60,1),
(61,4,21,61,0),(62,10,37,62,1),(63,2,21,63,0),(64,7,17,64,1),(65,5,50,65,1),(66,2,41,66,1),(67,5,15,67,0),(68,7,20,68,0),(69,4,49,69,0),(70,2,24,70,1),(71,5,11,71,1),(72,1,27,72,0),
(73,1,5,73,1),(74,7,23,74,1),(75,2,19,75,0),(76,9,21,76,0),(77,10,29,77,0),(78,9,28,78,1),(79,10,36,79,1),(80,1,44,80,0),(81,7,31,81,1),(82,3,16,82,1),(83,10,43,83,1),(84,10,35,84,0),
(85,9,34,85,1),(86,10,45,86,0),(87,10,7,87,0),(88,4,2,88,1),(89,1,43,89,0),(90,5,46,90,0),(91,3,31,91,0),(92,2,13,92,0),(93,10,20,93,1),(94,7,26,94,1),(95,9,30,95,0),(96,6,1,96,0),
(97,4,22,97,0),(98,1,40,98,1),(99,9,23,99,1),(100,10,34,100,1);

INSERT INTO PEDIDOPC (IDPEDIDO,CANTIDADSOLICITADA,ESTADO,CONFIGURACIONSOLICITADA,ENCARGADOPOR) 
VALUES (1,2,1,8,'12345678X'),(2,66,1,23,'12345678X'),(3,32,2,5,'12345678X'),(4,61,1,14,'12345678X'),
(5,88,5,23,'12345678X'),(6,77,1,18,'12345678X'),(7,13,5,3,'12345678X'),(8,57,3,21,'12345678X'),(9,74,1,14,'12345678X'),
(10,6,3,13,'12345678X'),(11,81,3,7,'12345678X'),(12,39,2,31,'12345678X'),(13,18,1,2,'12345678X'),(14,63,5,13,'12345678X'),
(15,59,2,7,'12345678X'),(16,5,4,5,'12345678X'),(17,51,3,1,'12345678X'),(18,66,1,18,'12345678X'),(19,39,2,17,'12345678X'),
(20,44,1,13,'12345678X');

INSERT INTO PC (ETIQUETAID,RESERVADO,FECHAMONTAJE,IDCONFIGURACION,MONTADOPOR,UBICACION,IDPEDIDO) 
VALUES (1,1,'07/25/2015',3,'16440329Z',75,11),(2,1,'08/29/2016',21,'16440329Z',100,11),(3,1,'12/29/2016',25,'16440329Z',25,8),
(4,1,'04/30/2017',32,'16440329Z',7,18),(5,0,'10/01/2016',13,'16440329Z',52,12),(6,1,'11/05/2015',3,'16440329Z',18,10),
(7,0,'04/12/2017',9,'16440329Z',93,6),(8,0,'04/21/2016',15,'16440329Z',86,15),(9,0,'08/30/2016',25,'16440329Z',66,6),
(10,1,'10/28/2016',31,'16440329Z',88,20),(11,1,'09/15/2015',2,'16440329Z',24,2),(12,0,'04/29/2017',10,'16440329Z',80,1),
(13,1,'01/27/2016',2,'16440329Z',24,1),(14,0,'08/13/2015',4,'16440329Z',44,9),(15,0,'03/28/2016',32,'16440329Z',20,9),
(16,1,'02/23/2016',29,'16440329Z',87,10),(17,0,'05/24/2017',12,'16440329Z',15,8),(18,1,'07/28/2016',26,'16440329Z',1,8),
(19,1,'08/11/2015',25,'16440329Z',56,16),(20,0,'09/08/2015',24,'16440329Z',95,3),(21,0,'09/15/2015',18,'16440329Z',42,14),
(22,0,'06/13/2015',3,'16440329Z',27,17),(23,1,'10/30/2016',30,'16440329Z',23,15),(24,0,'05/02/2017',29,'16440329Z',95,15),
(25,0,'08/28/2016',32,'16440329Z',3,12),(26,0,'08/18/2015',9,'16440329Z',25,19),(27,0,'01/03/2016',26,'16440329Z',71,16),
(28,0,'09/29/2015',11,'16440329Z',98,6),(29,1,'07/20/2016',23,'16440329Z',40,5),(30,0,'12/21/2015',30,'16440329Z',20,10),
(31,1,'03/03/2016',7,'16440329Z',68,20),(32,0,'09/11/2016',27,'16440329Z',96,3),(33,1,'01/18/2017',14,'16440329Z',16,2),
(34,0,'10/07/2016',18,'16440329Z',35,16),(35,0,'10/29/2016',25,'16440329Z',10,15),(36,0,'12/20/2015',8,'16440329Z',66,2),
(37,1,'01/26/2017',5,'16440329Z',6,13),(38,1,'05/17/2016',26,'16440329Z',29,7),(39,1,'08/23/2015',8,'16440329Z',37,10),
(40,0,'09/09/2015',12,'16440329Z',37,19),(41,1,'07/03/2015',8,'16440329Z',19,12),(42,0,'05/29/2017',12,'16440329Z',72,10);

